epoch,time,train/box_loss,train/cls_loss,train/dfl_loss,metrics/precision(B),metrics/recall(B),metrics/mAP50(B),metrics/mAP50-95(B),val/box_loss,val/cls_loss,val/dfl_loss,lr/pg0,lr/pg1,lr/pg2
1,1.64608,0.97831,3.54197,1.02514,0.00836,0.52116,0.0863,0.07384,0.59162,3.59783,0.82902,2.858e-05,2.858e-05,2.858e-05
2,2.39675,0.96172,3.65785,1.00536,0.01072,0.70635,0.13003,0.09419,0.45753,3.55782,0.81046,7.00353e-05,7.00353e-05,7.00353e-05
3,3.0636,0.77027,3.57874,0.95713,0.01405,0.96296,0.17984,0.13876,0.53842,3.4524,0.82155,0.000109793,0.000109793,0.000109793
4,3.66159,0.75161,3.18385,0.92044,0.01359,1,0.18671,0.15998,0.60618,3.37677,0.83358,0.000147853,0.000147853,0.000147853
5,4.24976,0.75484,2.90375,0.87265,0.01371,1,0.19235,0.16681,0.6438,3.32177,0.83651,0.000184215,0.000184215,0.000184215
6,4.82085,0.75768,2.61757,0.87755,0.01526,1,0.18889,0.16423,0.65928,3.31117,0.82589,0.00021888,0.00021888,0.00021888
7,5.33884,0.77393,2.37547,0.89109,0.76959,0.03704,0.20703,0.17291,0.61648,3.19087,0.81727,0.000251847,0.000251847,0.000251847
8,5.84631,0.7237,1.98073,0.86274,0.84399,0.03704,0.24389,0.1976,0.57039,3.08352,0.81504,0.000283116,0.000283116,0.000283116
9,6.38939,0.9316,2.09419,0.88508,0.86943,0.03704,0.35239,0.27832,0.5703,2.90774,0.81302,0.000312688,0.000312688,0.000312688
10,6.91351,0.78928,1.76269,0.87589,0.47979,0.03704,0.40259,0.30173,0.60542,2.85569,0.8155,0.000340562,0.000340562,0.000340562
11,7.46878,0.8268,1.81657,0.94007,0.02243,1,0.51577,0.40072,0.67868,2.77308,0.83816,0.000366739,0.000366739,0.000366739
12,8.02202,0.81245,1.74526,0.87542,0.02308,1,0.50894,0.4012,0.67108,2.76596,0.84325,0.000391217,0.000391217,0.000391217
13,8.64456,0.65874,1.39801,0.8815,0.02359,1,0.53466,0.40463,0.54644,2.78901,0.82826,0.000413998,0.000413998,0.000413998
14,9.16553,0.72736,1.37869,0.86748,0.49897,0.14344,0.51671,0.4052,0.54707,2.76985,0.82982,0.000435082,0.000435082,0.000435082
15,9.71649,0.68643,1.24335,0.85399,0.45542,0.08953,0.44023,0.33596,0.57201,2.79523,0.82813,0.000454468,0.000454468,0.000454468
16,10.2277,0.70239,1.18535,0.85928,0.42067,0.21533,0.38267,0.2996,0.6051,2.88601,0.83929,0.000472156,0.000472156,0.000472156
17,10.7461,0.72163,1.19663,0.87294,0.5441,0.18212,0.41965,0.32425,0.61948,2.86907,0.84845,0.000488146,0.000488146,0.000488146
18,11.3008,0.60664,1.05152,0.85623,0.58288,0.2334,0.4537,0.36332,0.60184,2.71476,0.85057,0.000502439,0.000502439,0.000502439
19,11.8319,0.64993,0.88351,0.85482,0.56258,0.29385,0.5335,0.41467,0.62708,2.49554,0.86154,0.000515034,0.000515034,0.000515034
20,12.3629,0.60991,0.86075,0.88281,0.65107,0.41816,0.6713,0.51435,0.65449,2.27725,0.8704,0.000525932,0.000525932,0.000525932
21,12.8667,0.69786,0.96514,0.87941,0.68034,0.51363,0.73499,0.58586,0.67407,2.08671,0.89285,0.000535132,0.000535132,0.000535132
22,13.3963,0.65259,0.87075,0.87056,0.71507,0.62562,0.77341,0.65389,0.65059,1.93294,0.89358,0.000542634,0.000542634,0.000542634
23,13.9061,0.64726,0.78964,0.86853,0.69457,0.64128,0.80404,0.69056,0.60982,1.86076,0.88043,0.000548439,0.000548439,0.000548439
24,14.4726,0.60559,0.75844,0.84396,0.73472,0.70557,0.84441,0.72493,0.59552,1.74177,0.88354,0.000552546,0.000552546,0.000552546
25,14.9606,0.61613,0.90189,0.87952,0.75607,0.70899,0.85244,0.70487,0.63127,1.7334,0.88582,0.000554955,0.000554955,0.000554955
26,15.4485,0.56609,0.72316,0.87795,0.79665,0.72959,0.85884,0.7074,0.64891,1.71208,0.88169,0.000555667,0.000555667,0.000555667
27,15.9454,0.61699,0.76207,0.86187,0.81887,0.7447,0.89267,0.74763,0.62451,1.62072,0.87194,0.000554681,0.000554681,0.000554681
28,16.44,0.67596,0.78143,0.86348,0.90009,0.87948,0.93317,0.79884,0.59578,1.53178,0.86598,0.000551997,0.000551997,0.000551997
29,16.9324,0.62592,0.81087,0.85737,0.90009,0.87948,0.93317,0.79884,0.59578,1.53178,0.86598,0.000547616,0.000547616,0.000547616
30,17.4605,0.62242,0.74878,0.86373,0.93713,0.87963,0.95256,0.84725,0.54031,1.36922,0.86152,0.000541537,0.000541537,0.000541537
31,18.0328,0.59822,0.71972,0.87065,0.92127,0.91611,0.95989,0.85981,0.53044,1.18181,0.85833,0.00053376,0.00053376,0.00053376
32,18.5349,0.55161,0.70652,0.88041,0.93752,0.92857,0.96433,0.85797,0.51566,1.02139,0.83183,0.000524286,0.000524286,0.000524286
33,18.9968,0.59494,0.70409,0.83543,0.93752,0.92857,0.96433,0.85797,0.51566,1.02139,0.83183,0.000513114,0.000513114,0.000513114
34,19.5065,0.51061,0.70775,0.84346,0.97581,0.95238,0.99042,0.86854,0.50101,0.92504,0.81724,0.000495291,0.000495291,0.000495291
35,19.9943,0.62922,0.8175,0.86502,0.98044,0.96632,0.99344,0.87465,0.51271,0.88613,0.81349,0.000466997,0.000466997,0.000466997
36,20.4941,0.53834,0.82976,0.88498,0.98743,0.96333,0.99344,0.87575,0.52768,0.91181,0.82037,0.000438703,0.000438703,0.000438703
37,21.0034,0.50878,0.66121,0.85396,0.98743,0.96333,0.99344,0.87575,0.52768,0.91181,0.82037,0.000410409,0.000410409,0.000410409
38,21.5342,0.59209,0.78503,0.8979,0.96173,0.93177,0.97234,0.86532,0.50852,0.92589,0.82281,0.000382115,0.000382115,0.000382115
39,22.0168,0.62117,0.75314,0.85783,0.97429,0.94928,0.98587,0.87534,0.49004,0.91526,0.82564,0.00035382,0.00035382,0.00035382
40,22.5096,0.51618,0.68871,0.87466,0.9764,0.94236,0.98587,0.87249,0.49238,0.87225,0.8309,0.000325526,0.000325526,0.000325526
41,42.1274,0.48602,0.77024,0.83781,0.9764,0.94236,0.98587,0.87249,0.49238,0.87225,0.8309,0.000297232,0.000297232,0.000297232
42,42.6268,0.49992,1.20847,0.854,0.97926,0.94489,0.98652,0.8763,0.48581,0.84749,0.83137,0.000268938,0.000268938,0.000268938
43,43.0996,0.43935,0.62913,0.80716,0.96891,0.95061,0.98722,0.88921,0.47767,0.84529,0.83055,0.000240644,0.000240644,0.000240644
44,43.5684,0.41605,0.95877,0.82322,0.98016,0.94933,0.98473,0.87477,0.47677,0.86996,0.83348,0.000212349,0.000212349,0.000212349
45,44.0634,0.48664,0.63975,0.80369,0.98016,0.94933,0.98473,0.87477,0.47677,0.86996,0.83348,0.000184055,0.000184055,0.000184055
46,44.6099,0.38666,0.70394,0.79668,0.98741,0.95068,0.98423,0.86491,0.48375,0.87341,0.83834,0.000155761,0.000155761,0.000155761
47,45.1551,0.48824,0.82908,0.92653,0.99355,0.96257,0.98473,0.87089,0.48368,0.85773,0.84122,0.000127467,0.000127467,0.000127467
48,45.7413,0.45636,0.60739,0.7989,0.96824,0.97619,0.97695,0.86442,0.48197,0.8301,0.84048,9.91726e-05,9.91726e-05,9.91726e-05
49,46.2476,0.4759,0.62335,0.8491,0.96824,0.97619,0.97695,0.86442,0.48197,0.8301,0.84048,7.08784e-05,7.08784e-05,7.08784e-05
50,46.7946,0.43351,0.58895,0.80931,0.99468,0.97418,0.98722,0.87112,0.4725,0.8004,0.83543,4.25842e-05,4.25842e-05,4.25842e-05
